date,y,trend,yearly
,0.5810419,0.7015842,0.39251956
,0.6386553,0.7009628,0.45075443
,0.70373815,0.70034176,0.5164583
,0.7330174,0.6997211,0.54635817
,0.7036278,0.69910085,0.51758885
,0.6328508,0.69848096,0.44743168
,0.56885576,0.6978615,0.38405615
,0.55729103,0.6972424,0.3731105
,0.6077032,0.6966237,0.42414138
,0.6852914,0.69600534,0.5023479
,0.7354355,0.6953874,0.55311
,0.7238662,0.69476986,0.5421582
,0.6628161,0.6941527,0.4817253
,0.60299075,0.6935359,0.42251664
,0.596269,0.69291955,0.4164114
,0.65622944,0.69230354,0.47698775
,0.74607307,0.69168794,0.567447
,0.8038932,0.6910727,0.6258824
,0.78763384,0.6904578,0.6102379
,0.7069566,0.6898434,0.5301751
,0.6181312,0.6892293,0.4419638
,0.5848459,0.6886157,0.40929213
,0.63293844,0.68800235,0.45799798
,0.73188806,0.6873895,0.5575605
,0.81665695,0.68677694,0.64294195
,0.8341101,0.6861648,0.6610071
,0.78032196,0.6855531,0.60783076
,0.7018249,0.6849417,0.52994514
,0.6603131,0.6843307,0.48904425
,0.68702364,0.6837201,0.5163654
,0.7602979,0.68310994,0.59024984
,0.8224329,0.6825001,0.6529947
,0.82285047,0.68189067,0.6540217
,0.7554091,0.6812816,0.5871893
,0.66246283,0.680673,0.4948517
,0.60327715,0.68006474,0.4362743
,0.6108493,0.67945683,0.44445434
,0.6693816,0.67884934,0.50359416
,0.72868955,0.6782422,0.5635092
,0.74387425,0.67763555,0.5793006
,0.7097206,0.67702925,0.5457533
,0.66367066,0.67642325,0.5003092
,0.6553521,0.6758177,0.49259627
,0.7062729,0.6752125,0.5441223
,0.7909049,0.67460775,0.62935895
,0.85420346,0.67400336,0.693262
,0.852795,0.6733993,0.6924575
,0.7886859,0.6727957,0.6289521
,0.7094799,0.67219245,0.5503493
,0.67407835,0.6715896,0.5155506
,0.70899737,0.6709872,0.551072
,0.78801763,0.6703851,0.63069445
,0.8508841,0.6697834,0.69416255
,0.8477339,0.6691821,0.6916137
,0.77650565,0.6685812,0.62098634
,0.68542457,0.6679807,0.5305058
,0.638384,0.6673806,0.48406532
,0.66859114,0.6667807,0.5148723
,0.75465184,0.66618145,0.60153234
,0.83672327,0.6655824,0.68420273
,0.86066246,0.6649838,0.70874053
,0.81737304,0.6643856,0.6660493
,0.748212,0.66378784,0.597486
,0.71268713,0.66319036,0.56255865
,0.7427992,0.66259336,0.5932678
,0.8183032,0.66199666,0.6693685
,0.8814703,0.6614004,0.73313177
,0.8803644,0.6608045,0.7326218
,0.8082736,0.660209,0.6611265
,0.70976293,0.65961385,0.56321096
,0.64868724,0.6590192,0.50273
,0.6618814,0.6584248,0.5165185
,0.73290014,0.65783083,0.5881312
,0.80521405,0.6572373,0.66103864
,0.8248286,0.6566441,0.6812464
,0.780444,0.6560513,0.6374546
,0.7112223,0.6554589,0.56882524
,0.6765598,0.6548669,0.5347548
,0.7106541,0.6542753,0.56944066
,0.79595876,0.653684,0.6553367
,0.8754269,0.65309316,0.73539555
,0.8944073,0.6525027,0.75496644
,0.8409587,0.6519126,0.70210797
,0.7546137,0.6513229,0.6163527
,0.6972316,0.6507336,0.5595599
,0.7077856,0.6501447,0.5707028
,0.77465963,0.64955616,0.6381654
,0.8456582,0.648968,0.709752
,0.8676541,0.6483802,0.73233575
,0.825857,0.6477929,0.691126
,0.7534859,0.6472058,0.61934197
,0.70525455,0.64661926,0.5716972
,0.71539307,0.64603305,0.5824219
,0.77222717,0.64544725,0.63984185
,0.82832414,0.64486176,0.69652426
,0.83788514,0.64427674,0.70667034
,0.7923118,0.643692,0.66168165
,0.72649044,0.6431078,0.59644455
,0.69098854,0.6425239,0.56152654
,0.7117964,0.64194036,0.5829179
,0.76907086,0.64135724,0.6407755
,0.81196713,0.6407745,0.68425447
,0.7987678,0.64019215,0.67163754
,0.73149484,0.63961023,0.6049465
,0.6575287,0.6390286,0.531562
,0.6354636,0.6384474,0.5100781
,0.6899885,0.6378666,0.56518376
,0.79004717,0.6372862,0.66582286
,0.86812365,0.6367062,0.74447936
,0.86805665,0.6361266,0.744992
,0.7868305,0.6355473,0.6643451
,0.67915297,0.63496846,0.55724645
,0.6203031,0.63438994,0.49897504
,0.65330786,0.63381183,0.53255785
,0.7584558,0.63323414,0.63828355
,0.8672569,0.6326568,0.74766195
,0.9108115,0.6320799,0.79179347
,0.8675679,0.6315034,0.74912643
,0.77614236,0.6309272,0.65827703
,0.70463514,0.6303514,0.5873456
,0.69970626,0.629776,0.5829921
,0.7531954,0.62920105,0.63705623
,0.8105321,0.6286264,0.6949675
,0.81391525,0.62805223,0.6989249
,0.7474336,0.62747836,0.6330171
,0.6501019,0.62690496,0.5362588
,0.5869871,0.62633187,0.4737171
,0.6000743,0.6257591,0.48737702
,0.67574215,0.6251869,0.5636171
,0.7534952,0.62461495,0.6419421
,0.76984954,0.62404346,0.65886796
,0.7051221,0.62347233,0.59471166
,0.5985387,0.6229016,0.488699
,0.52045035,0.62233126,0.41118097
,0.52201647,0.6217613,0.41331705
,0.5991461,0.6211917,0.4910163
,0.6967519,0.6206225,0.5891913
,0.7494852,0.6200537,0.64249337
,0.72850555,0.61948526,0.6220822
,0.65995765,0.6189172,0.5541023
,0.6024169,0.6183496,0.49712917
,0.6012,0.6177823,0.49647957
,0.6542829,0.61721545,0.5501294
,0.71523017,0.616649,0.61164314
,0.73028034,0.61608285,0.6272593
,0.68095636,0.61551714,0.57850116
,0.59952545,0.61495185,0.49763554
,0.5453287,0.61438686,0.4440037
,0.5597049,0.61382234,0.45894444
,0.6336067,0.6132581,0.5334104
,0.71272504,0.6126944,0.61309254
,0.7369065,0.612131,0.6378374
,0.68487144,0.611568,0.5863653
,0.5909628,0.61100537,0.49301934
,0.5211591,0.6104431,0.42377785
,0.52563417,0.6098813,0.42881483
,0.60243845,0.6093198,0.50618047
,0.69873625,0.60875875,0.60303944
,0.7484468,0.60819805,0.65331066
,0.71876884,0.60763776,0.62419295
,0.6320125,0.60707784,0.5379965
,0.5478354,0.6065183,0.454379
,0.5199978,0.60595924,0.42710042
,0.5597258,0.60540044,0.46738726
,0.6317547,0.60484207,0.5399745
,0.68409497,0.6042841,0.59287274
,0.68767303,0.6037265,0.5970084
,0.65569043,0.6031693,0.56558305
,0.629032,0.6026125,0.53948146
,0.64041054,0.6020561,0.5514164
,0.6859494,0.60150003,0.5975113
,0.72665745,0.6009444,0.638775
,0.71881604,0.60038906,0.63148886
,0.64971685,0.5998342,0.56294453
,0.5508342,0.5992797,0.46461636
,0.47752148,0.59872556,0.3918578
,0.46993014,0.5981719,0.38482016
,0.5242183,0.5976185,0.4396617
,0.5956696,0.59706557,0.51166594
,0.63132924,0.59651303,0.5478781
,0.6077466,0.59596086,0.5248476
,0.5457237,0.5954091,0.4633765
,0.49167347,0.59485763,0.40987772
,0.48048544,0.59430665,0.39924073
,0.50874513,0.593756,0.42805105
,0.5388748,0.5932058,0.45873088
,0.5307868,0.5926559,0.4511928
,0.47616792,0.59210646,0.3971233
,0.40812224,0.5915573,0.3296268
,0.37756306,0.59100866,0.29961628
,0.4135601,0.59046036,0.3361616
,0.497943,0.5899125,0.42109242
,0.57472456,0.5893649,0.49842152
,0.58904624,0.5888178,0.51329035
,0.5277606,0.588271,0.45255148
,0.4314135,0.5877246,0.35675073
,0.3676918,0.58717865,0.29357508
,0.38441396,0.586633,0.3108428
,0.47551838,0.5860878,0.40249246
,0.5844741,0.585543,0.511993
,0.64282525,0.58499855,0.5708886
,0.61648387,0.58445454,0.5450912
,0.5271915,0.5839109,0.45634258
,0.43490875,0.5833676,0.36460304
,0.3950107,0.5828247,0.32524788
,0.4215671,0.5822822,0.3523468
,0.48224458,0.5817401,0.41356638
,0.526344,0.58119833,0.45820755
,0.5233957,0.580657,0.45580056
,0.48322302,0.58011603,0.41616887
,0.44373307,0.5795755,0.3772195
,0.43773052,0.5790353,0.3717571
,0.4655708,0.5784955,0.4001372
,0.49516767,0.5779561,0.4302735
,0.48895854,0.5774171,0.42460337
,0.43629023,0.5768784,0.37247372
,0.36523032,0.5763402,0.30195203
,0.3237356,0.5758023,0.2609952
,0.3438295,0.5752648,0.28162658
,0.41603875,0.5747277,0.35437292
,0.49403036,0.57419103,0.4329012
,0.52680665,0.5736547,0.46621376
,0.49486688,0.5731188,0.43480998
,0.42356318,0.57258326,0.3640418
,0.36370018,0.5720481,0.30471396
,0.35399312,0.57151335,0.29554167
,0.3933667,0.57097894,0.33544964
,0.44359094,0.57044494,0.38620788
,0.4597328,0.56991136,0.40288332
,0.42501464,0.56937814,0.3686984
,0.3635051,0.5688453,0.30772173
,0.32116047,0.5683128,0.26590952
,0.32989907,0.5677808,0.2751802
,0.3824556,0.56724906,0.32826835
,0.43751505,0.5667178,0.3838591
,0.45153007,0.5661869,0.39840502
,0.41291684,0.5656564,0.3603223
,0.35218298,0.5651263,0.30011863
,0.3194999,0.56459653,0.26796526
,0.34613642,0.5640672,0.29513112
,0.41892827,0.56353825,0.36845192
,0.48779276,0.5630096,0.43784502
,0.5017259,0.56248146,0.4523063
,0.44700655,0.56195366,0.39811477
,0.3590115,0.5614262,0.31064713
,0.29804468,0.56089926,0.25020733
,0.3061738,0.56037253,0.25886315
,0.37639302,0.5598463,0.32960865
,0.4568184,0.55932045,0.4105599
,0.48720607,0.558795,0.44147298
,0.4415058,0.55826986,0.39629784
,0.34584045,0.5577451,0.3011572
,0.25931922,0.5572208,0.21516028
,0.23209783,0.5566969,0.1884628
,0.27135655,0.5561733,0.22824514
,0.33939636,0.5556502,0.29680806
,0.3840408,0.5551274,0.34197527
,0.37791732,0.554605,0.3363742
,0.33727264,0.554083,0.29625154
,0.30698454,0.5535614,0.26648504
,0.3239652,0.55304015,0.28398693
,0.38717657,0.5525193,0.34771916
,0.45708537,0.55199885,0.4181484
,0.48491886,0.5514788,0.44650197
,0.4495631,0.5509591,0.4116659
,0.37417144,0.5504398,0.3367935
,0.3098602,0.54992086,0.27300116
,0.29849225,0.54940236,0.26215175
,0.34224173,0.5488842,0.30641937
,0.40246367,0.5483665,0.36715907
,0.4286147,0.5478491,0.39382744
,0.39569473,0.54733217,0.36142445
,0.3226366,0.5468156,0.28888288
,0.25837204,0.5462994,0.22513458
,0.24631506,0.5457835,0.21359336
,0.29355925,0.5452681,0.26135302
,0.36710107,0.5447531,0.33540988
,0.4189356,0.54423845,0.38775903
,0.42066193,0.5437242,0.38999966
,0.38190812,0.54321027,0.35175973
,0.33972463,0.5426968,0.3100897
,0.3282717,0.5421837,0.29914984
,0.3524636,0.541671,0.32385457
,0.38555866,0.5411586,0.3574619
,0.39179254,0.5406467,0.36420774
,0.35602328,0.54013515,0.32895005
,0.29714912,0.539624,0.27058703
,0.25486463,0.5391132,0.22881326
,0.2597847,0.5386028,0.23424378
,0.30983007,0.5380928,0.28479922
,0.37086856,0.5375832,0.34634727
,0.40121728,0.5370739,0.37720525
,0.38158175,0.53656507,0.3580786
,0.32804084,0.5360566,0.30504614
,0.2787942,0.5355485,0.2563076
,0.26522315,0.53504086,0.24324423
,0.2894286,0.53453356,0.2679569
,0.3249371,0.5340266,0.30397236
,0.33931094,0.5335201,0.31885272
,0.32051766,0.53301394,0.30056566
,0.28642097,0.5325082,0.26697466
,0.27012026,0.5320028,0.2511793
,0.29282227,0.53149784,0.27438635
,0.34575313,0.5309932,0.3278218
,0.39565703,0.530489,0.37822986
,0.4100341,0.5299852,0.39311075
,0.3826359,0.52948177,0.366216
,0.33916807,0.5289787,0.32325125
,0.31808358,0.52847606,0.30266935
,0.34076008,0.5279738,0.32584816
,0.39392686,0.5274719,0.37951684
,0.4384585,0.5269704,0.42455
,0.43861508,0.5264693,0.42520767
,0.38998717,0.52596855,0.37708053
,0.32470846,0.52546823,0.31230214
,0.28928685,0.52496827,0.2773805
,0.31092173,0.5244687,0.29951492
,0.37732002,0.52396953,0.3664124
,0.44519234,0.5234707,0.43478346
,0.47142735,0.52297235,0.46151692
,0.44403356,0.5224743,0.43462116
,0.38993263,0.52197665,0.38101786
,0.3540117,0.5214794,0.3455942
,0.3652389,0.52098256,0.35731822
,0.415281,0.52048606,0.40785682
,0.46552777,0.51999,0.45859963
,0.47699854,0.5194943,0.47056612
,0.44034097,0.518999,0.43440384
,0.38309607,0.5185041,0.37765387
,0.3487278,0.51800954,0.34378013
,0.36336866,0.51751536,0.35891515
,0.41569248,0.51702166,0.41173273
,0.4654384,0.51652825,0.46197206
,0.47439033,0.51603526,0.47141695
,0.43629456,0.5155426,0.43381378
,0.3827374,0.5150504,0.38074884
,0.35997093,0.5145586,0.3584742
,0.393762,0.5140672,0.3927567
,0.46874171,0.5135761,0.4682275
,0.53828937,0.5130854,0.5382658
,0.5580981,0.5125952,0.55856484
,0.5187138,0.5121052,0.5196704
,0.45264894,0.51161575,0.4540951
,0.410482,0.51112664,0.41241723
,0.4235093,0.5106379,0.42593327
,0.48069954,0.51014954,0.48361188
,0.5373564,0.50966156,0.5407567
,0.54913133,0.509174,0.55301917
,0.5060922,0.5086868,0.5104673
,0.44110426,0.5082,0.44596612
,0.4058641,0.5077136,0.41121238
,0.43189675,0.50722754,0.43773106
,0.50557065,0.50674194,0.51189065
,0.5759897,0.5062567,0.58279496
,0.5907837,0.5057718,0.5980738
,0.5340146,0.50528735,0.5417891
,0.43871188,0.5048032,0.44697055
,0.36474788,0.50431955,0.37349024
,0.35777193,0.5038362,0.3669976
,0.41851786,0.5033533,0.42822647
,0.5039225,0.5028707,0.5141137
,0.55849624,0.50238854,0.5691695
,0.552785,0.50190675,0.5639401
,0.5015649,0.5014254,0.5132014
,0.44986063,0.5009444,0.46197808
,0.43850625,0.5004638,0.4511043
,0.47512567,0.49998355,0.488204
,0.5311818,0.49950373,0.54473996
,0.5657479,0.49902427,0.5797855
,0.5568937,0.49854523,0.57141036
,0.51696557,0.49806654,0.5319609
,0.48110375,0.49758825,0.49657738
,0.4789259,0.49711034,0.49487746
,0.5115905,0.4966328,0.5280195
,0.551607,0.4961557,0.56851315
,0.5648328,0.49567896,0.5822157
,0.53724647,0.49520257,0.55510575
,0.48586544,0.49472663,0.5042007
,0.4458524,0.49425104,0.46466324
,0.44423378,0.49377584,0.46351984
,0.480541,0.49330103,0.50030184
,0.5288735,0.4928266,0.5491088
,0.5588954,0.49235258,0.5796047
,0.5588264,0.49187893,0.58000934
,0.5424371,0.49140564,0.56409335
,0.5352167,0.4909328,0.5573458
,0.5515082,0.4904603,0.5741098
,0.58167654,0.4899882,0.6047502
,0.600072,0.4895165,0.6236174
,0.58762664,0.48904514,0.6116434
,0.5505302,0.4885742,0.57501787
,0.5187971,0.48810366,0.5437553
,0.52416295,0.4876335,0.54959136
,0.5737345,0.48716372,0.5996327
,0.6404848,0.4866943,0.66685236
,0.6799248,0.4862253,0.70676136
,0.6622683,0.4857567,0.68957347
,0.59655803,0.48528844,0.6243315
,0.5277509,0.4848206,0.5559922
,0.50697345,0.48435315,0.5356822
,0.55541646,0.48388606,0.5845923
,0.6479138,0.48341936,0.67755634
,0.72893596,0.4829531,0.7590447
,0.7503698,0.48248717,0.78094447
,0.70453095,0.48202166,0.7355712
,0.6288041,0.4815565,0.66030943
,0.57865894,0.48109177,0.610629
,0.5884824,0.4806274,0.62091684
,0.64827514,0.4801634,0.6811736
,0.71259534,0.47969982,0.74595743
,0.7344849,0.4792366,0.7683102
,0.69931424,0.4787738,0.7336023
,0.63398045,0.47831136,0.668731
,0.58553976,0.4778493,0.62075233
,0.58578736,0.47738767,0.6214616
,0.6282744,0.4769264,0.6644099
,0.67442167,0.47646552,0.711018
,0.6834509,0.47600502,0.72050774
,0.64334625,0.47554487,0.68086326
,0.5797512,0.47508517,0.6177279
,0.5366625,0.47462586,0.5750985
,0.543799,0.4741669,0.582694
,0.5951993,0.4737083,0.63455284
,0.65455025,0.47325015,0.694362
,0.6825124,0.47279236,0.7227819
,0.66500854,0.47233495,0.7057355
,0.6215527,0.47187796,0.66273665
,0.5882807,0.4714213,0.62992126
,0.58979106,0.47096506,0.63188785
,0.6217445,0.47050923,0.6642972
,0.657145,0.47005376,0.7001531
,0.6702955,0.46959868,0.7137587
,0.65861356,0.46914396,0.70253146
,0.64445484,0.46868968,0.6888271
,0.6552338,0.46823576,0.7000599
,0.6978953,0.46778223,0.7431749
,0.74892443,0.46732906,0.79465723
,0.7694179,0.4668763,0.81560344
,0.7349436,0.46642393,0.7815816
,0.6574579,0.46597195,0.7045478
,0.5812235,0.46552035,0.62876505
,0.5539051,0.46506914,0.6018979
,0.59307545,0.4646183,0.64151907
,0.6728391,0.46416786,0.72173315
,0.7412064,0.46371782,0.7905505
,0.7563641,0.46326816,0.8061578
,0.71568733,0.46281886,0.7659303
,0.6563181,0.46236998,0.70701003
,0.6268839,0.46192148,0.67802435
,0.65115774,0.46147335,0.7027463
,0.7105129,0.46102563,0.76254916
,0.7580923,0.46057826,0.8105759
,0.7541789,0.46013132,0.8071095
,0.6964371,0.45968476,0.7498143
,0.6226424,0.45923856,0.6764657
,0.58382535,0.45879278,0.6380945
,0.6076681,0.45834735,0.6623826
,0.6790362,0.4579023,0.73419577
,0.7515748,0.4574577,0.807179
,0.78128266,0.45701346,0.8373312
,0.7570183,0.45656958,0.8135106
,0.70582485,0.4561261,0.76276064
,0.6702165,0.455683,0.7275953
,0.67552364,0.4552403,0.7333452
,0.71217084,0.45479798,0.77043474
,0.7455769,0.45435604,0.8042828
,0.74488807,0.45391452,0.8040354
,0.7074783,0.45347336,0.7670668
,0.6600511,0.4530326,0.7200804
,0.6359223,0.45259222,0.696392
,0.6471137,0.45215222,0.7080233
,0.67404723,0.4517126,0.73539644
,0.6817849,0.45127338,0.7435734
,0.6502896,0.45083454,0.7125169
,0.59429544,0.45039612,0.65696126
,0.5554774,0.44995806,0.61858124
,0.57110816,0.44952038,0.63464963
,0.64254606,0.4490831,0.70652485
,0.72878563,0.4486462,0.7932013
,0.77236426,0.44820967,0.8372165
,0.7403277,0.44777355,0.8056161
,0.6501832,0.4473378,0.7159073
,0.5603906,0.44690245,0.62655
,0.5305091,0.4464675,0.59710354
,0.57896423,0.44603294,0.6459932
,0.6693318,0.4455987,0.736795
,0.73593146,0.4451649,0.8038284
,0.73096615,0.44473147,0.7992965
,0.6590737,0.44429845,0.72783715
,0.5739215,0.44386578,0.6431176
,0.5388325,0.44343355,0.60846084
,0.5800297,0.44300166,0.65009
,0.66685057,0.4425702,0.73734224
,0.7338321,0.4421391,0.8047549
,0.72885066,0.4417084,0.80020416
,0.652116,0.44127804,0.72389984
,0.55718416,0.4408481,0.6293979
,0.51270777,0.44041857,0.5853511
,0.5526063,0.43998942,0.6256787
,0.65090334,0.43956062,0.7244046
,0.73980796,0.4391322,0.81373763
,0.7580339,0.43870422,0.83239156
,0.69439286,0.43827662,0.7691781
,0.5951741,0.4378494,0.67038655
,0.5302408,0.4374225,0.6058801
,0.54281497,0.43699607,0.61888075
,0.6193704,0.43657,0.6958623
,0.7010246,0.43614435,0.7779421
,0.72719836,0.43571904,0.80454123
,0.6792049,0.43529412,0.7569727
,0.5919485,0.43486962,0.67014074
,0.5262289,0.43444547,0.60484535
,0.5230206,0.43402174,0.6020608
,0.57403994,0.43359837,0.6535034
,0.6298407,0.43317538,0.7097271
,0.6385391,0.4327528,0.71884817
,0.5853489,0.4323306,0.66608024
,0.50324875,0.4319088,0.58440185
,0.44721282,0.43148735,0.5287873
,0.45209756,0.43106633,0.53409314
,0.5063798,0.43064564,0.588796
,0.5616549,0.4302254,0.6444914
,0.5705582,0.42980552,0.65381455
,0.52398854,0.42938602,0.6076644
,0.45908755,0.4289669,0.54318255
,0.4314061,0.42854822,0.5159198
,0.4720239,0.42812988,0.55695593
,0.56200814,0.42771193,0.64735806
,0.64403236,0.42729434,0.72979987
,0.6631561,0.42687717,0.7493408
,0.60686237,0.42646042,0.69346386
,0.51462024,0.426044,0.60163814
,0.44957638,0.42562798,0.53701025
,0.45302904,0.42521235,0.54087853
,0.5149931,0.42479712,0.60325783
,0.5823628,0.42438227,0.6710424
,0.5983503,0.4239678,0.6874444
,0.54409885,0.4235537,0.63360703
,0.4519452,0.42314005,0.541867
,0.3811531,0.42272672,0.47148824
,0.37460908,0.4223138,0.46535715
,0.42863056,0.4219013,0.5197911
,0.49780026,0.42148915,0.589373
,0.5302593,0.42107737,0.6222438
,0.50649047,0.420666,0.5988863
,0.45240682,0.42025504,0.5452137
,0.41753626,0.41984445,0.51075375
,0.43542507,0.41943422,0.52905273
,0.49673802,0.4190244,0.5907755
,0.5556048,0.41861498,0.6500517
,0.56454384,0.41820592,0.6593998
,0.5113685,0.41779724,0.6066332
,0.4300127,0.41738898,0.5256856
,0.37655324,0.4169811,0.47263402
,0.38807693,0.41657358,0.48456523
,0.45487252,0.41616648,0.55176795
,0.5269213,0.41575974,0.6242234
,0.5500412,0.41535342,0.6477497
,0.50525093,0.41494745,0.60336536
,0.4223745,0.4145419,0.52089447
,0.35809907,0.4141367,0.45702425
,0.35469735,0.4137319,0.45402732
,0.4097296,0.41332752,0.50946397
,0.47856414,0.41292349,0.57870257
,0.50724924,0.41251987,0.60779124
,0.47126925,0.4121166,0.57221454
,0.3919702,0.41171375,0.49331835
,0.31960052,0.41131127,0.42135113
,0.2964052,0.4109092,0.3985579
,0.3274538,0.4105075,0.4300082
,0.37991717,0.41010618,0.48287287
,0.40989766,0.40970522,0.5132543
,0.39551818,0.4093047,0.49927536
,0.3514591,0.40890455,0.4556164
,0.3149706,0.40850478,0.4195277
,0.31555438,0.40810543,0.42051083
,0.35212004,0.4077064,0.4574755
,0.3950946,0.4073078,0.50084865
,0.41080773,0.40690958,0.51696
,0.38855833,0.40651178,0.49510846
,0.34882444,0.40611434,0.455772
,0.3264295,0.40571725,0.43377405
,0.34207082,0.40532058,0.44981208
,0.38500094,0.40492433,0.49313852
,0.4207126,0.4045284,0.5292461
,0.41794962,0.4041329,0.5268786
,0.37397146,0.40373778,0.4832956
,0.31792134,0.40334305,0.4276402
,0.28903192,0.4029487,0.39914513
,0.30598742,0.40255475,0.41649452
,0.35127187,0.40216115,0.4621726
,0.3831672,0.40176797,0.49446112
,0.36703607,0.40137517,0.47872278
,0.30252013,0.40098277,0.41459924
,0.22548452,0.40059072,0.3379557
,0.18267232,0.4001991,0.29553512
,0.19742885,0.3998078,0.31068292
,0.2523025,0.39941695,0.36594743
,0.30187458,0.39902648,0.41590998
,0.30663514,0.39863637,0.42106068
,0.26279598,0.39824668,0.3776112
,0.20552412,0.39785737,0.3207286
,0.1829125,0.39746842,0.29850596
,0.21975845,0.39707989,0.33574045
,0.29815692,0.3966917,0.41452712
,0.369399,0.39630395,0.48615694
,0.38867941,0.39591655,0.50582474
,0.3469273,0.39552957,0.46445966
,0.2766275,0.39514294,0.39454645
,0.22753552,0.3947567,0.3458407
,0.23063117,0.39437088,0.34932214
,0.27684927,0.39398542,0.39592573
,0.32579768,0.39360037,0.4452592
,0.33694446,0.3932157,0.45679066
,0.2993943,0.3928314,0.41962487
,0.23806575,0.39244747,0.35868016
,0.1926103,0.39206398,0.31360823
,0.18614158,0.39168084,0.30752262
,0.20834276,0.3912981,0.33010656
,0.22582719,0.39091572,0.34797332
,0.21119615,0.39053375,0.33372426
,0.1674237,0.3901522,0.2903334
,0.12780425,0.38977098,0.25109518
,0.13057223,0.38939017,0.25424394
,0.1875614,0.38900974,0.31161353
,0.2714404,0.3886297,0.39587256
,0.3325714,0.38825005,0.45738322
,0.3339333,0.3878708,0.4591244
,0.27814186,0.3874919,0.40371186
,0.20610136,0.38711342,0.33204985
,0.16742796,0.38673532,0.29375452
,0.18448526,0.3863576,0.31118947
,0.23662585,0.38598028,0.36370748
,0.2766425,0.3856033,0.40410104
,0.2672007,0.3852268,0.39503583
,0.2098841,0.38485062,0.3380954
,0.14482087,0.3844748,0.2734079
,0.12087044,0.38409942,0.2498329
,0.15856743,0.38372445,0.28790492
,0.23366094,0.38334978,0.36337304
,0.29385418,0.38297558,0.42394048
,0.2966082,0.38260174,0.42706835
,0.23991099,0.38222826,0.37074462
,0.16326502,0.3818552,0.2944717
,0.11822337,0.38148248,0.24980277
,0.13078487,0.3811102,0.2627366
,0.18358508,0.3807383,0.31590867
,0.231053,0.38036674,0.36374807
,0.23541287,0.37999558,0.36847916
,0.19596279,0.37962487,0.32939982
,0.149108,0.3792545,0.28291535
,0.13919622,0.3788845,0.27337357
,0.18259156,0.37851492,0.31713855
,0.2529898,0.37814572,0.38790596
,0.2998612,0.37777692,0.4351462
,0.28667474,0.37740847,0.42232817
,0.2200112,0.37704045,0.35603267
,0.14690188,0.37667274,0.28329098
,0.12143949,0.3763055,0.2581959
,0.16500714,0.3759386,0.30213043
,0.24987167,0.37557212,0.38736147
,0.3187595,0.375206,0.45661542
,0.3264132,0.37484026,0.4646348
,0.2724908,0.37447494,0.41107774
,0.20141682,0.37410998,0.3403687
,0.16921505,0.3737454,0.30853152
,0.20199761,0.37338123,0.34167826
,0.2769504,0.3730175,0.4169948
,0.33992738,0.37265405,0.48033524
,0.34630066,0.37229103,0.48707148
,0.29456824,0.37192842,0.4357017
,0.22744402,0.37156615,0.36893976
,0.19984633,0.3712043,0.34170395
,0.23775959,0.37084284,0.37997863
,0.31896377,0.37048176,0.4615439
,0.38981533,0.37012106,0.53275615
,0.4054649,0.36976075,0.548766
,0.36287802,0.36940083,0.5065391
,0.3020867,0.3690413,0.44610727
,0.27479085,0.36868215,0.4191706
,0.3044548,0.3683234,0.4491933
,0.36833215,0.36796504,0.513429
,0.41524947,0.36760703,0.5607043
,0.40561125,0.36724943,0.55142367
,0.34306276,0.36689222,0.48923242
,0.2732082,0.36653537,0.4197347
,0.24982888,0.36617893,0.39671183
,0.29369378,0.36582288,0.44093278
,0.3754383,0.36546722,0.52303296
,0.43595862,0.36511195,0.58390856
,0.42986172,0.36475706,0.57816654
,0.35954067,0.36440253,0.5082
,0.2743306,0.36404842,0.42334402
,0.23474911,0.36369467,0.3841163
,0.26822677,0.36334133,0.4179473
,0.34911084,0.36298838,0.49918434
,0.41788393,0.3626358,0.56831
,0.42538482,0.36228362,0.57616305
,0.368959,0.36193183,0.5200891
,0.2937898,0.3615804,0.44527125
,0.25832495,0.3612294,0.41015744
,0.2899975,0.36087877,0.4421806
,0.36431205,0.3605285,0.5168454
,0.423191,0.36017865,0.57607424
,0.41872087,0.35982916,0.5719536
,0.3496056,0.35948005,0.5031874
,0.26283365,0.35913137,0.41676414
,0.21933612,0.35878307,0.37361497
,0.24921972,0.3584351,0.40384644
,0.32996437,0.35808757,0.48493868
,0.40367264,0.3577404,0.5589941
,0.4202627,0.35739362,0.5759309
,0.37404034,0.35704726,0.5300549
,0.30657977,0.35670128,0.46294037
,0.27421907,0.35635567,0.43092525
,0.3053676,0.35601044,0.46241903
,0.37992728,0.35566562,0.5373236
,0.44628578,0.35532117,0.6040265
,0.46212345,0.3549771,0.62020826
,0.42737472,0.35463342,0.5858032
,0.3835029,0.35429013,0.54227465
,0.37950474,0.35394722,0.5386194
,0.43107066,0.35360473,0.59052783
,0.50514853,0.3532626,0.66494787
,0.5432219,0.35292083,0.70336294
,0.5066616,0.3525795,0.66714394
,0.4096779,0.3522385,0.57050127
,0.31355745,0.35189795,0.4747214
,0.28450468,0.35155773,0.44600883
,0.34528726,0.35121793,0.5071312
,0.4567471,0.35087854,0.61893046
,0.54400045,0.3505395,0.7065228
,0.5492998,0.35020083,0.7121608
,0.473313,0.34986258,0.63651234
,0.37443525,0.3495247,0.53797245
,0.32624343,0.34918723,0.4901181
,0.36404634,0.34885013,0.5282581
,0.45961687,0.34851342,0.62416536
,0.5426954,0.34817708,0.7075802
,0.55314595,0.34784114,0.7183667
,0.48537627,0.3475056,0.65093255
,0.3920817,0.34717044,0.55797315
,0.3448869,0.34683564,0.51111317
,0.3811349,0.34650123,0.5476955
,0.47650746,0.34616727,0.64340204
,0.56354046,0.34583366,0.73076874
,0.5820615,0.3455004,0.74962294
,0.5236578,0.34516758,0.6915521
,0.4370706,0.3448351,0.6052974
,0.3908233,0.34450305,0.55938214
,0.42132393,0.34417135,0.59021443
,0.50580317,0.34384006,0.675025
,0.5803252,0.34350914,0.74987787
,0.58922887,0.34317863,0.7591121
,0.5283764,0.34284848,0.6985898
,0.44905126,0.34251875,0.6195944
,0.41910172,0.34218937,0.5899742
,0.47027335,0.3418604,0.64147484
,0.5719668,0.3415318,0.7434969
,0.65203226,0.34120363,0.82389057
,0.6502211,0.3408758,0.8224072
,0.56460583,0.3405484,0.7371193
,0.45587376,0.34022132,0.6287143
,0.40499714,0.33989465,0.57816434
,0.45451063,0.33956838,0.62800413
,0.5764471,0.33924252,0.75026643
,0.69086224,0.33891702,0.86500704
,0.72218096,0.33859193,0.8966509
,0.6525486,0.3382672,0.82734334
,0.5337472,0.33794287,0.70886624
,0.44908562,0.33761895,0.6245286
,0.45353442,0.33729535,0.62930095
,0.53560513,0.33697218,0.7116948
,0.62844044,0.33664942,0.80485284
,0.66097647,0.33632702,0.83771133
,0.6109446,0.336005,0.7880015
,0.5204527,0.33568335,0.6978312
,0.46322072,0.33536214,0.64092046
,0.4883723,0.33504128,0.6663929
,0.5828657,0.3347208,0.76120675
,0.68057,0.3344007,0.8592312
,0.71107644,0.33408105,0.8900573
,0.65197295,0.33376172,0.8312731
,0.54585123,0.3334428,0.7254703
,0.46967274,0.33312428,0.64961034
,0.47924596,0.3328061,0.6595017
,0.5695847,0.33248836,0.7501582
,0.67971075,0.33217102,0.8606016
,0.73740226,0.33185402,0.9186101
,0.71030134,0.33153743,0.8918258
,0.6260996,0.33122122,0.80794024
,0.5483147,0.33090538,0.73047125
,0.5275587,0.33058995,0.7100306
,0.5655157,0.3302749,0.7483027
,0.61820996,0.32996023,0.8013116
,0.63439137,0.32964593,0.8178073
,0.5982555,0.32933208,0.78198534
,0.5427888,0.3290186,0.7268321
,0.5233574,0.32870546,0.7077138
,0.5720866,0.32839274,0.7567557
,0.6690395,0.3280804,0.85402095
,0.753456,0.32776842,0.93874943
,0.7678014,0.32745686,0.9534064
,0.701546,0.3271457,0.8874622
,0.6011125,0.3268349,0.78733957
,0.53712255,0.3265245,0.72365993
,0.5526641,0.3262145,0.7395115
,0.6309589,0.32590485,0.81811595
,0.707247,0.3255956,0.89471334
,0.7166886,0.3252867,0.90446377
,0.64329076,0.32497823,0.8313744
,0.53320855,0.32467014,0.7216003
,0.46215445,0.32436246,0.6508539
,0.48031285,0.32405514,0.6693196
,0.5753881,0.3237482,0.7647018
,0.681085,0.32344168,0.8707051
,0.72506213,0.32313552,0.91498846
,0.6812307,0.32282975,0.8714628
,0.5880312,0.32252437,0.7785686
,0.51946515,0.32221937,0.7103076
,0.5301737,0.32191476,0.72132087
,0.61514103,0.32161057,0.80659235
,0.7132512,0.32130674,0.90500635
,0.7519537,0.3210033,0.9440123
,0.69992155,0.32070023,0.8922832
,0.5894782,0.32039756,0.7821425
,0.4929335,0.3200953,0.6859001
,0.4710432,0.31979334,0.66431177
,0.53141844,0.31949186,0.72498846
,0.62654126,0.31919074,0.8204124
,0.69106436,0.31889,0.88523626
,0.6893688,0.31858963,0.88384104
,0.6380226,0.3182897,0.8327948
,0.58788687,0.3179901,0.7829587
,0.58145726,0.3176909,0.7768282
,0.6193751,0.3173921,0.8150449
,0.66177595,0.31709367,0.8577441
,0.66277784,0.31679565,0.8590441
,0.610157,0.316498,0.80672085
,0.5385301,0.31620076,0.73539126
,0.504499,0.3159039,0.701657
,0.5423857,0.31560743,0.73984015
,0.6345519,0.31531134,0.83230245
,0.7203967,0.3150156,0.91844296
,0.73877263,0.31472027,0.93711424
,0.67299384,0.31442535,0.8716304
,0.56463766,0.31413084,0.7635687
,0.4849515,0.31383663,0.6841767
,0.48419645,0.31354284,0.68371546
,0.5558329,0.31324947,0.75564533
,0.6420094,0.3129565,0.8421148
,0.6763255,0.31266385,0.8767235
,0.6323996,0.31237167,0.8330898
,0.5424692,0.3120798,0.7434513
,0.47257072,0.31178835,0.6738442
,0.472984,0.3114973,0.67454857
,0.54086643,0.3112066,0.74272174
,0.6227466,0.3109163,0.82489216
,0.654779,0.3106264,0.8572145
,0.61055136,0.3103369,0.81327635
,0.52085173,0.31004775,0.72386587
,0.4505985,0.30975902,0.6539014
,0.45037854,0.30947065,0.65396976
,0.5184407,0.30918267,0.7223199
,0.601583,0.3088951,0.8057498
,0.6339888,0.30860788,0.8384428
,0.58548427,0.3083211,0.7902251
,0.483513,0.30803466,0.6885402
,0.39315715,0.30774862,0.59847045
,0.37018842,0.307463,0.5757873
,0.42185748,0.30717772,0.62774163
,0.5036351,0.3068928,0.7098041
,0.5532305,0.30660832,0.7596841
,0.5359963,0.30632424,0.74273396
,0.4681518,0.30604053,0.67517316
,0.40182024,0.3057572,0.60912496
,0.3845448,0.30547422,0.59213245
,0.42434403,0.3051917,0.63221425
,0.48618776,0.30490953,0.6943401
,0.5210855,0.30462772,0.7295196
,0.50452083,0.30434635,0.7132364
,0.454396,0.30406532,0.66339254
,0.41529286,0.3037847,0.6245701
,0.42196864,0.30350447,0.63152605
,0.47101074,0.30322462,0.680848
,0.5227771,0.3029452,0.73289376
,0.53221226,0.30266607,0.742608
,0.48465347,0.30238742,0.69532794
,0.4086391,0.3021091,0.6195919
,0.35554475,0.3018312,0.5667755
,0.3612188,0.30155367,0.572727
,0.41893953,0.3012765,0.6307249
,0.48430142,0.30099976,0.69636357
,0.5085751,0.30072337,0.7209135
,0.4749827,0.3004474,0.68759716
,0.41044837,0.30017182,0.62333846
,0.36382502,0.2998966,0.5769903
,0.36757654,0.29962182,0.5810166
,0.4124402,0.29934737,0.6261547
,0.4548426,0.2990733,0.66883117
,0.4514547,0.29879963,0.665717
,0.3942256,0.29852635,0.6087611
,0.31838512,0.2982535,0.53319347
,0.2765581,0.29798102,0.49163896
,0.29811263,0.29770887,0.51346564
,0.3650949,0.29743713,0.5807196
,0.42387974,0.2971658,0.6397758
,0.42486763,0.2968949,0.6410346
,0.36060187,0.2966243,0.5770394
,0.27318817,0.29635412,0.4898959
,0.22436082,0.29608434,0.4413384
,0.24977273,0.29581493,0.46701965
,0.33156112,0.29554594,0.5490771
,0.41016728,0.2952773,0.62795186
,0.42751306,0.29500902,0.6455659
,0.3697769,0.29474118,0.58809763
,0.2780641,0.2944737,0.49665228
,0.21859315,0.29420662,0.4374484
,0.23411927,0.29393995,0.4532412
,0.312424,0.29367363,0.53181225
,0.39523596,0.2934077,0.6148901
,0.42103693,0.29314214,0.64095664
,0.37013793,0.29287702,0.5903228
,0.27862495,0.29261225,0.49907455
,0.2111246,0.29234788,0.43183863
,0.21278256,0.29208386,0.43376052
,0.2762918,0.2918203,0.49753335
,0.34824082,0.2915571,0.5697456
,0.36976343,0.29129425,0.59153104
,0.32062554,0.29103178,0.54265565
,0.23385566,0.29076976,0.45614782
,0.17011014,0.2905081,0.39266393
,0.1716609,0.2902468,0.39447597
,0.23077402,0.2899859,0.45385
,0.29659975,0.2897254,0.5199362
,0.31496435,0.28946525,0.538561
,0.27074194,0.28920555,0.49459827
,0.20004103,0.2889462,0.42415673
,0.1625965,0.28868723,0.38697115
,0.19494694,0.28842866,0.4195802
,0.28023368,0.28817046,0.5051251
,0.35827187,0.28791267,0.58342105
,0.36938584,0.2876553,0.5947925
,0.29962757,0.28739825,0.5252912
,0.19310215,0.2871416,0.41902244
,0.121266514,0.28688535,0.3474431
,0.13100547,0.28662947,0.35743788
,0.20985058,0.28637403,0.43653846
,0.29436398,0.28611892,0.52130693
,0.31623924,0.28586423,0.5434369
,0.25263196,0.2856099,0.48008394
,0.14367893,0.28535596,0.37138486
,0.064077735,0.28510243,0.29203716
,0.069266796,0.28484926,0.2974794
,0.15532142,0.2845965,0.3837868
,0.2618141,0.2843441,0.49053186
,0.31514168,0.28409213,0.5441115
,0.28081882,0.2838405,0.51004016
,0.1865376,0.2835893,0.4160102
,0.100131065,0.28333843,0.3298545
,0.07925698,0.283088,0.30923092
,0.13031292,0.28283793,0.36053687
,0.20606717,0.28258824,0.4365408
,0.24276808,0.28233898,0.47349098
,0.20810154,0.28209007,0.43907335
,0.12433672,0.28184155,0.35555702
,0.05013603,0.28159344,0.2816045
,0.03575319,0.28134567,0.26746947
,0.08575863,0.2810983,0.31772226
,0.15713853,0.28085136,0.38934907
,0.19335738,0.28060478,0.42581448
,0.1678578,0.28035855,0.4005611
,0.10381091,0.28011274,0.33675998
,0.055406272,0.27986735,0.28860074
,0.06526363,0.27962232,0.2987032
,0.13075632,0.27937767,0.36444056
,0.20490563,0.2791334,0.4388341
,0.23125225,0.27888954,0.4654246
,0.186214,0.27864605,0.42062983
,0.09697777,0.27840292,0.33163676
,0.021568984,0.2781602,0.25647065
,0.006412387,0.27791792,0.24155635
,0.053497493,0.27767596,0.2888834
,0.12147841,0.2774344,0.35710588
,0.15912277,0.27719325,0.39499137
,0.1446208,0.27695248,0.3807302
,0.10056293,0.27671206,0.33691275
,0.07320097,0.27647203,0.3097908
,0.092962146,0.27623245,0.3297916
,0.14765352,0.27599323,0.38472217
,0.19038135,0.27575436,0.42768887
,0.17686224,0.2755159,0.4144082
,0.10336563,0.27527785,0.3411497
,0.014631569,0.27504015,0.25265327
,-0.026349008,0.27480286,0.21190998
,0.014531463,0.27456596,0.25302735
,0.11403489,0.27432942,0.35276735
,0.20482346,0.2740933,0.44379205
,0.22267076,0.27385753,0.4618751
,0.15374517,0.27362218,0.39318487
,0.04674688,0.2733872,0.2864216
,-0.02058971,0.27315262,0.21931955
,0.002858162,0.2729184,0.24300161
,0.10379434,0.27268457,0.3441716
,0.21299297,0.27245116,0.45360368
,0.25442693,0.2722181,0.49527073
,0.20009422,0.27198547,0.44117063
,0.09046367,0.2717532,0.33177233
,0.005590141,0.27152133,0.24713072
,0.0075896382,0.27128983,0.24936166
,0.096188426,0.2710587,0.33819163
,0.2095896,0.270828,0.45182347
,0.26970935,0.27059767,0.5121736
,0.23867467,0.2703677,0.48136884
,0.14525753,0.27013814,0.3881813
,0.062478215,0.26990896,0.30563113
,0.05310321,0.26968017,0.2964849
,0.12351021,0.2694518,0.3671203
,0.21941268,0.26922375,0.4632508
,0.26627088,0.26899612,0.51033664
,0.224163,0.26876888,0.468456
,0.11688164,0.26854205,0.3614015
,0.014253974,0.26831555,0.25900027
,-0.018538535,0.26808953,0.22643381
,0.032853365,0.2678638,0.2780514
,0.12389931,0.2676385,0.36932266
,0.18600932,0.26741356,0.43165764
,0.17752826,0.26718903,0.4234011
,0.112745225,0.2669649,0.3588422
,0.04820898,0.26674116,0.29452974
,0.03779033,0.26651776,0.28433442
,0.09115934,0.26629478,0.33792645
,0.16697976,0.2660722,0.4139695
,0.2054219,0.26585,0.4526338
,0.17467979,0.26562816,0.42211354
,0.095837295,0.26540673,0.34349245
,0.027182639,0.26518565,0.27505887
,0.01997441,0.26496503,0.2680713
,0.079434305,0.26474473,0.32775146
,0.16076532,0.26452482,0.40930235
,0.20337746,0.26430535,0.45213398
,0.1773201,0.2640862,0.42629576
,0.10657638,0.2638675,0.35577077
,0.051184416,0.26364914,0.30059713
,0.06134519,0.2634312,0.31097585
,0.13816422,0.26321363,0.38801247
,0.23107642,0.26299646,0.48114184
,0.2745257,0.26277965,0.52480793
,0.2368691,0.26256323,0.48736775
,0.14485812,0.2623472,0.3955728
,0.06497833,0.26213157,0.3159086
,0.054961473,0.26191634,0.30610704
,0.121406525,0.2617015,0.3727669
,0.21492407,0.261487,0.46649894
,0.26673126,0.26127288,0.5185203
,0.23944587,0.2610592,0.49144852
,0.15458718,0.2608459,0.40680316
,0.07612246,0.26063293,0.3285514
,0.06256974,0.2604204,0.3152112
,0.123223394,0.26020828,0.376077
,0.2113314,0.2599965,0.46439677
,0.25927383,0.25978515,0.51255053
,0.22955754,0.25957412,0.48304528
,0.14339605,0.25936353,0.3970944
,0.065403044,0.2591533,0.31931162
,0.05559644,0.25894347,0.30971485
,0.12435016,0.25873402,0.37867802
,0.22401571,0.25852495,0.4785526
,0.28364235,0.25831628,0.53838795
,0.26126152,0.258108,0.51621544
,0.17487326,0.25790012,0.43003497
,0.08919683,0.25769258,0.34456614
,0.06788921,0.25748545,0.32346565
,0.12669176,0.2572787,0.38247493
,0.22226658,0.25707236,0.47825608
,0.28499216,0.25686643,0.54118764
,0.27119344,0.25666085,0.52759445
,0.1959095,0.25645566,0.45251572
,0.12159997,0.25625083,0.37841105
,0.11115411,0.2560464,0.36816955
,0.18014023,0.25584242,0.4373597
,0.28424865,0.25563875,0.54167175
,0.3516184,0.2554355,0.60924476
,0.3365216,0.2552326,0.5943509
,0.25432846,0.25503016,0.5123602
,0.17136094,0.25482807,0.42959476
,0.15618357,0.2546263,0.41461915
,0.22794601,0.254425,0.4865829
,0.34001654,0.2542241,0.5988543
,0.41212448,0.25402352,0.67116284
,0.38859653,0.25382337,0.647835
,0.28089124,0.25362357,0.5403296
,0.16298974,0.25342423,0.42262742
,0.121802956,0.2532252,0.38163963
,0.19677097,0.2530266,0.4568062
